year,baseline_gini,reform_gini,gini_change_pct
2029-30,0.284305,0.286561,0.79
2030-31,0.285998,0.288313,0.81
