year,baseline_gini,reform_gini,gini_change_pct
2029-30,0.297352,0.299721,0.8
2030-31,0.298816,0.301238,0.81
