year,baseline_gini,reform_gini,gini_change_pct
2029-30,0.284336,0.286592,0.79
2030-31,0.28603,0.288344,0.81
