year,baseline_gini,reform_gini,gini_change_pct
2029-30,0.28622,0.288635,0.84
2030-31,0.288166,0.290648,0.86
